sample_id	original_prefix	group	sex	surgery	treatment	replicate	biological_replicates_per_group	cell_type	mouse_line	mouse_age_at_surgery_weeks	mouse_age_at_harvest_weeks	cells_for_RNA	rna_extraction_kit	rin_requirement	ercc_added	ercc_dilution	ercc_volume_uL	polyA_selection	library_prep_kit	index_kit	library_batch	sequencing_instrument	sequencing_flowcell_batch	read_layout	read_length_bp	fastq_r1	fastq_r2	fastq_dir	reference_build	reference_fasta	reference_gtf	star_index	star_index_STAR_version
SM1	SM	M_SHAM	male	sham	control	1	3	adrenal_zF	Ad4BP-BAC-EGFP	3	8	10000	RNeasy Micro Kit	>8	yes	1:10000	4	NEBNext Poly(A) mRNA Magnetic Isolation Module	NEBNext Ultra II Directional RNA Library Prep Kit for Illumina	NEBNext Multiplex Oligos for Illumina (96 Unique Dual Index Primer Pairs)	1	Illumina HiSeq 2500	1	paired-end	151	SM1_combined_R1.fastq.gz	SM1_combined_R2.fastq.gz	data/raw/fastq	mm10 + ERCC + EGFP + mCherry	reference/ucsc_mm10_ERCC_EGFP_mcherry.fa	reference/mm10_ERCC_EGFP_mcherry.gtf	reference/star_index	2.7.11b
SM2	SM	M_SHAM	male	sham	control	2	3	adrenal_zF	Ad4BP-BAC-EGFP	3	8	10000	RNeasy Micro Kit	>8	yes	1:10000	4	NEBNext Poly(A) mRNA Magnetic Isolation Module	NEBNext Ultra II Directional RNA Library Prep Kit for Illumina	NEBNext Multiplex Oligos for Illumina (96 Unique Dual Index Primer Pairs)	1	Illumina HiSeq 2500	1	paired-end	151	SM2_combined_R1.fastq.gz	SM2_combined_R2.fastq.gz	data/raw/fastq	mm10 + ERCC + EGFP + mCherry	reference/ucsc_mm10_ERCC_EGFP_mcherry.fa	reference/mm10_ERCC_EGFP_mcherry.gtf	reference/star_index	2.7.11b
SM3	SM	M_SHAM	male	sham	control	3	3	adrenal_zF	Ad4BP-BAC-EGFP	3	8	10000	RNeasy Micro Kit	>8	yes	1:10000	4	NEBNext Poly(A) mRNA Magnetic Isolation Module	NEBNext Ultra II Directional RNA Library Prep Kit for Illumina	NEBNext Multiplex Oligos for Illumina (96 Unique Dual Index Primer Pairs)	1	Illumina HiSeq 2500	1	paired-end	151	SM3_combined_R1.fastq.gz	SM3_combined_R2.fastq.gz	data/raw/fastq	mm10 + ERCC + EGFP + mCherry	reference/ucsc_mm10_ERCC_EGFP_mcherry.fa	reference/mm10_ERCC_EGFP_mcherry.gtf	reference/star_index	2.7.11b
CO1	CO	M_ORX	male	ORX	oil	1	3	adrenal_zF	Ad4BP-BAC-EGFP	3	8	10000	RNeasy Micro Kit	>8	yes	1:10000	4	NEBNext Poly(A) mRNA Magnetic Isolation Module	NEBNext Ultra II Directional RNA Library Prep Kit for Illumina	NEBNext Multiplex Oligos for Illumina (96 Unique Dual Index Primer Pairs)	1	Illumina HiSeq 2500	1	paired-end	151	CO1_combined_R1.fastq.gz	CO1_combined_R2.fastq.gz	data/raw/fastq	mm10 + ERCC + EGFP + mCherry	reference/ucsc_mm10_ERCC_EGFP_mcherry.fa	reference/mm10_ERCC_EGFP_mcherry.gtf	reference/star_index	2.7.11b
CO2	CO	M_ORX	male	ORX	oil	2	3	adrenal_zF	Ad4BP-BAC-EGFP	3	8	10000	RNeasy Micro Kit	>8	yes	1:10000	4	NEBNext Poly(A) mRNA Magnetic Isolation Module	NEBNext Ultra II Directional RNA Library Prep Kit for Illumina	NEBNext Multiplex Oligos for Illumina (96 Unique Dual Index Primer Pairs)	1	Illumina HiSeq 2500	1	paired-end	151	CO2_combined_R1.fastq.gz	CO2_combined_R2.fastq.gz	data/raw/fastq	mm10 + ERCC + EGFP + mCherry	reference/ucsc_mm10_ERCC_EGFP_mcherry.fa	reference/mm10_ERCC_EGFP_mcherry.gtf	reference/star_index	2.7.11b
CO3	CO	M_ORX	male	ORX	oil	3	3	adrenal_zF	Ad4BP-BAC-EGFP	3	8	10000	RNeasy Micro Kit	>8	yes	1:10000	4	NEBNext Poly(A) mRNA Magnetic Isolation Module	NEBNext Ultra II Directional RNA Library Prep Kit for Illumina	NEBNext Multiplex Oligos for Illumina (96 Unique Dual Index Primer Pairs)	1	Illumina HiSeq 2500	1	paired-end	151	CO3_combined_R1.fastq.gz	CO3_combined_R2.fastq.gz	data/raw/fastq	mm10 + ERCC + EGFP + mCherry	reference/ucsc_mm10_ERCC_EGFP_mcherry.fa	reference/mm10_ERCC_EGFP_mcherry.gtf	reference/star_index	2.7.11b
CD1	CD	M_ORX_DHT	male	ORX	DHT	1	3	adrenal_zF	Ad4BP-BAC-EGFP	3	8	10000	RNeasy Micro Kit	>8	yes	1:10000	4	NEBNext Poly(A) mRNA Magnetic Isolation Module	NEBNext Ultra II Directional RNA Library Prep Kit for Illumina	NEBNext Multiplex Oligos for Illumina (96 Unique Dual Index Primer Pairs)	1	Illumina HiSeq 2500	1	paired-end	151	CD1_combined_R1.fastq.gz	CD1_combined_R2.fastq.gz	data/raw/fastq	mm10 + ERCC + EGFP + mCherry	reference/ucsc_mm10_ERCC_EGFP_mcherry.fa	reference/mm10_ERCC_EGFP_mcherry.gtf	reference/star_index	2.7.11b
CD2	CD	M_ORX_DHT	male	ORX	DHT	2	3	adrenal_zF	Ad4BP-BAC-EGFP	3	8	10000	RNeasy Micro Kit	>8	yes	1:10000	4	NEBNext Poly(A) mRNA Magnetic Isolation Module	NEBNext Ultra II Directional RNA Library Prep Kit for Illumina	NEBNext Multiplex Oligos for Illumina (96 Unique Dual Index Primer Pairs)	1	Illumina HiSeq 2500	1	paired-end	151	CD2_combined_R1.fastq.gz	CD2_combined_R2.fastq.gz	data/raw/fastq	mm10 + ERCC + EGFP + mCherry	reference/ucsc_mm10_ERCC_EGFP_mcherry.fa	reference/mm10_ERCC_EGFP_mcherry.gtf	reference/star_index	2.7.11b
CD3	CD	M_ORX_DHT	male	ORX	DHT	3	3	adrenal_zF	Ad4BP-BAC-EGFP	3	8	10000	RNeasy Micro Kit	>8	yes	1:10000	4	NEBNext Poly(A) mRNA Magnetic Isolation Module	NEBNext Ultra II Directional RNA Library Prep Kit for Illumina	NEBNext Multiplex Oligos for Illumina (96 Unique Dual Index Primer Pairs)	1	Illumina HiSeq 2500	1	paired-end	151	CD3_combined_R1.fastq.gz	CD3_combined_R2.fastq.gz	data/raw/fastq	mm10 + ERCC + EGFP + mCherry	reference/ucsc_mm10_ERCC_EGFP_mcherry.fa	reference/mm10_ERCC_EGFP_mcherry.gtf	reference/star_index	2.7.11b
CE1	CE	M_ORX_E2	male	ORX	E2	1	3	adrenal_zF	Ad4BP-BAC-EGFP	3	8	10000	RNeasy Micro Kit	>8	yes	1:10000	4	NEBNext Poly(A) mRNA Magnetic Isolation Module	NEBNext Ultra II Directional RNA Library Prep Kit for Illumina	NEBNext Multiplex Oligos for Illumina (96 Unique Dual Index Primer Pairs)	1	Illumina HiSeq 2500	1	paired-end	151	CE1_combined_R1.fastq.gz	CE1_combined_R2.fastq.gz	data/raw/fastq	mm10 + ERCC + EGFP + mCherry	reference/ucsc_mm10_ERCC_EGFP_mcherry.fa	reference/mm10_ERCC_EGFP_mcherry.gtf	reference/star_index	2.7.11b
CE2	CE	M_ORX_E2	male	ORX	E2	2	3	adrenal_zF	Ad4BP-BAC-EGFP	3	8	10000	RNeasy Micro Kit	>8	yes	1:10000	4	NEBNext Poly(A) mRNA Magnetic Isolation Module	NEBNext Ultra II Directional RNA Library Prep Kit for Illumina	NEBNext Multiplex Oligos for Illumina (96 Unique Dual Index Primer Pairs)	1	Illumina HiSeq 2500	1	paired-end	151	CE2_combined_R1.fastq.gz	CE2_combined_R2.fastq.gz	data/raw/fastq	mm10 + ERCC + EGFP + mCherry	reference/ucsc_mm10_ERCC_EGFP_mcherry.fa	reference/mm10_ERCC_EGFP_mcherry.gtf	reference/star_index	2.7.11b
CE3	CE	M_ORX_E2	male	ORX	E2	3	3	adrenal_zF	Ad4BP-BAC-EGFP	3	8	10000	RNeasy Micro Kit	>8	yes	1:10000	4	NEBNext Poly(A) mRNA Magnetic Isolation Module	NEBNext Ultra II Directional RNA Library Prep Kit for Illumina	NEBNext Multiplex Oligos for Illumina (96 Unique Dual Index Primer Pairs)	1	Illumina HiSeq 2500	1	paired-end	151	CE3_combined_R1.fastq.gz	CE3_combined_R2.fastq.gz	data/raw/fastq	mm10 + ERCC + EGFP + mCherry	reference/ucsc_mm10_ERCC_EGFP_mcherry.fa	reference/mm10_ERCC_EGFP_mcherry.gtf	reference/star_index	2.7.11b
SF1	SF	F_SHAM	female	sham	control	1	3	adrenal_zF	Ad4BP-BAC-EGFP	3	8	10000	RNeasy Micro Kit	>8	yes	1:10000	4	NEBNext Poly(A) mRNA Magnetic Isolation Module	NEBNext Ultra II Directional RNA Library Prep Kit for Illumina	NEBNext Multiplex Oligos for Illumina (96 Unique Dual Index Primer Pairs)	1	Illumina HiSeq 2500	1	paired-end	151	SF1_combined_R1.fastq.gz	SF1_combined_R2.fastq.gz	data/raw/fastq	mm10 + ERCC + EGFP + mCherry	reference/ucsc_mm10_ERCC_EGFP_mcherry.fa	reference/mm10_ERCC_EGFP_mcherry.gtf	reference/star_index	2.7.11b
SF2	SF	F_SHAM	female	sham	control	2	3	adrenal_zF	Ad4BP-BAC-EGFP	3	8	10000	RNeasy Micro Kit	>8	yes	1:10000	4	NEBNext Poly(A) mRNA Magnetic Isolation Module	NEBNext Ultra II Directional RNA Library Prep Kit for Illumina	NEBNext Multiplex Oligos for Illumina (96 Unique Dual Index Primer Pairs)	1	Illumina HiSeq 2500	1	paired-end	151	SF2_combined_R1.fastq.gz	SF2_combined_R2.fastq.gz	data/raw/fastq	mm10 + ERCC + EGFP + mCherry	reference/ucsc_mm10_ERCC_EGFP_mcherry.fa	reference/mm10_ERCC_EGFP_mcherry.gtf	reference/star_index	2.7.11b
SF3	SF	F_SHAM	female	sham	control	3	3	adrenal_zF	Ad4BP-BAC-EGFP	3	8	10000	RNeasy Micro Kit	>8	yes	1:10000	4	NEBNext Poly(A) mRNA Magnetic Isolation Module	NEBNext Ultra II Directional RNA Library Prep Kit for Illumina	NEBNext Multiplex Oligos for Illumina (96 Unique Dual Index Primer Pairs)	1	Illumina HiSeq 2500	1	paired-end	151	SF3_combined_R1.fastq.gz	SF3_combined_R2.fastq.gz	data/raw/fastq	mm10 + ERCC + EGFP + mCherry	reference/ucsc_mm10_ERCC_EGFP_mcherry.fa	reference/mm10_ERCC_EGFP_mcherry.gtf	reference/star_index	2.7.11b
OO1	OO	F_OVX	female	OVX	oil	1	3	adrenal_zF	Ad4BP-BAC-EGFP	3	8	10000	RNeasy Micro Kit	>8	yes	1:10000	4	NEBNext Poly(A) mRNA Magnetic Isolation Module	NEBNext Ultra II Directional RNA Library Prep Kit for Illumina	NEBNext Multiplex Oligos for Illumina (96 Unique Dual Index Primer Pairs)	1	Illumina HiSeq 2500	1	paired-end	151	OO1_combined_R1.fastq.gz	OO1_combined_R2.fastq.gz	data/raw/fastq	mm10 + ERCC + EGFP + mCherry	reference/ucsc_mm10_ERCC_EGFP_mcherry.fa	reference/mm10_ERCC_EGFP_mcherry.gtf	reference/star_index	2.7.11b
OO2	OO	F_OVX	female	OVX	oil	2	3	adrenal_zF	Ad4BP-BAC-EGFP	3	8	10000	RNeasy Micro Kit	>8	yes	1:10000	4	NEBNext Poly(A) mRNA Magnetic Isolation Module	NEBNext Ultra II Directional RNA Library Prep Kit for Illumina	NEBNext Multiplex Oligos for Illumina (96 Unique Dual Index Primer Pairs)	1	Illumina HiSeq 2500	1	paired-end	151	OO2_combined_R1.fastq.gz	OO2_combined_R2.fastq.gz	data/raw/fastq	mm10 + ERCC + EGFP + mCherry	reference/ucsc_mm10_ERCC_EGFP_mcherry.fa	reference/mm10_ERCC_EGFP_mcherry.gtf	reference/star_index	2.7.11b
OO3	OO	F_OVX	female	OVX	oil	3	3	adrenal_zF	Ad4BP-BAC-EGFP	3	8	10000	RNeasy Micro Kit	>8	yes	1:10000	4	NEBNext Poly(A) mRNA Magnetic Isolation Module	NEBNext Ultra II Directional RNA Library Prep Kit for Illumina	NEBNext Multiplex Oligos for Illumina (96 Unique Dual Index Primer Pairs)	1	Illumina HiSeq 2500	1	paired-end	151	OO3_combined_R1.fastq.gz	OO3_combined_R2.fastq.gz	data/raw/fastq	mm10 + ERCC + EGFP + mCherry	reference/ucsc_mm10_ERCC_EGFP_mcherry.fa	reference/mm10_ERCC_EGFP_mcherry.gtf	reference/star_index	2.7.11b
OD1	OD	F_OVX_DHT	female	OVX	DHT	1	3	adrenal_zF	Ad4BP-BAC-EGFP	3	8	10000	RNeasy Micro Kit	>8	yes	1:10000	4	NEBNext Poly(A) mRNA Magnetic Isolation Module	NEBNext Ultra II Directional RNA Library Prep Kit for Illumina	NEBNext Multiplex Oligos for Illumina (96 Unique Dual Index Primer Pairs)	1	Illumina HiSeq 2500	1	paired-end	151	OD1_combined_R1.fastq.gz	OD1_combined_R2.fastq.gz	data/raw/fastq	mm10 + ERCC + EGFP + mCherry	reference/ucsc_mm10_ERCC_EGFP_mcherry.fa	reference/mm10_ERCC_EGFP_mcherry.gtf	reference/star_index	2.7.11b
OD2	OD	F_OVX_DHT	female	OVX	DHT	2	3	adrenal_zF	Ad4BP-BAC-EGFP	3	8	10000	RNeasy Micro Kit	>8	yes	1:10000	4	NEBNext Poly(A) mRNA Magnetic Isolation Module	NEBNext Ultra II Directional RNA Library Prep Kit for Illumina	NEBNext Multiplex Oligos for Illumina (96 Unique Dual Index Primer Pairs)	1	Illumina HiSeq 2500	1	paired-end	151	OD2_combined_R1.fastq.gz	OD2_combined_R2.fastq.gz	data/raw/fastq	mm10 + ERCC + EGFP + mCherry	reference/ucsc_mm10_ERCC_EGFP_mcherry.fa	reference/mm10_ERCC_EGFP_mcherry.gtf	reference/star_index	2.7.11b
OD3	OD	F_OVX_DHT	female	OVX	DHT	3	3	adrenal_zF	Ad4BP-BAC-EGFP	3	8	10000	RNeasy Micro Kit	>8	yes	1:10000	4	NEBNext Poly(A) mRNA Magnetic Isolation Module	NEBNext Ultra II Directional RNA Library Prep Kit for Illumina	NEBNext Multiplex Oligos for Illumina (96 Unique Dual Index Primer Pairs)	1	Illumina HiSeq 2500	1	paired-end	151	OD3_combined_R1.fastq.gz	OD3_combined_R2.fastq.gz	data/raw/fastq	mm10 + ERCC + EGFP + mCherry	reference/ucsc_mm10_ERCC_EGFP_mcherry.fa	reference/mm10_ERCC_EGFP_mcherry.gtf	reference/star_index	2.7.11b
OE1	OE	F_OVX_E2	female	OVX	E2	1	3	adrenal_zF	Ad4BP-BAC-EGFP	3	8	10000	RNeasy Micro Kit	>8	yes	1:10000	4	NEBNext Poly(A) mRNA Magnetic Isolation Module	NEBNext Ultra II Directional RNA Library Prep Kit for Illumina	NEBNext Multiplex Oligos for Illumina (96 Unique Dual Index Primer Pairs)	1	Illumina HiSeq 2500	1	paired-end	151	OE1_combined_R1.fastq.gz	OE1_combined_R2.fastq.gz	data/raw/fastq	mm10 + ERCC + EGFP + mCherry	reference/ucsc_mm10_ERCC_EGFP_mcherry.fa	reference/mm10_ERCC_EGFP_mcherry.gtf	reference/star_index	2.7.11b
OE2	OE	F_OVX_E2	female	OVX	E2	2	3	adrenal_zF	Ad4BP-BAC-EGFP	3	8	10000	RNeasy Micro Kit	>8	yes	1:10000	4	NEBNext Poly(A) mRNA Magnetic Isolation Module	NEBNext Ultra II Directional RNA Library Prep Kit for Illumina	NEBNext Multiplex Oligos for Illumina (96 Unique Dual Index Primer Pairs)	1	Illumina HiSeq 2500	1	paired-end	151	OE2_combined_R1.fastq.gz	OE2_combined_R2.fastq.gz	data/raw/fastq	mm10 + ERCC + EGFP + mCherry	reference/ucsc_mm10_ERCC_EGFP_mcherry.fa	reference/mm10_ERCC_EGFP_mcherry.gtf	reference/star_index	2.7.11b
OE3	OE	F_OVX_E2	female	OVX	E2	3	3	adrenal_zF	Ad4BP-BAC-EGFP	3	8	10000	RNeasy Micro Kit	>8	yes	1:10000	4	NEBNext Poly(A) mRNA Magnetic Isolation Module	NEBNext Ultra II Directional RNA Library Prep Kit for Illumina	NEBNext Multiplex Oligos for Illumina (96 Unique Dual Index Primer Pairs)	1	Illumina HiSeq 2500	1	paired-end	151	OE3_combined_R1.fastq.gz	OE3_combined_R2.fastq.gz	data/raw/fastq	mm10 + ERCC + EGFP + mCherry	reference/ucsc_mm10_ERCC_EGFP_mcherry.fa	reference/mm10_ERCC_EGFP_mcherry.gtf	reference/star_index	2.7.11b
